SourceFile,File:FileSize,PDF:CreateDate,PDF:PageCount
10.7717%2Fpeerj.1196@Raw_Transcription_Text.pdf,1392 kB,2014:12:18 13:30:13+10:00,335
10.7717%2Fpeerj.1118@Morrison_et_al._Cougar_GPS_data_PeerJ.pdf,409 kB,2015:06:12 14:14:40-07:00,191
10.7717%2Fpeerj.1038@ul_sens_fmri_supp_stim_set.pdf,12 MB,,120
10.7717%2Fpeerj.455@all_sequence_logos.pdf,913 kB,2014:04:19 13:43:36+03:00,119
10.7717%2Fpeerj.171@Supp_S1.pdf,668 kB,2013:06:03 19:53:38Z,89
10.7717%2Fpeerj.1361@Neurophysiology_of_meaning_SI_2015_Re_rev.pdf,417 kB,2015:10:24 18:24:53+02:00,71
10.7717%2Fpeerj.1221@SupplementalInformation2.pdf,17 MB,2015:08:19 13:25:20+02:00,68
10.7717%2Fpeerj.199@supplemental_table_s3.pdf,594 kB,2013:08:23 16:52:06+09:00,56
10.7717%2Fpeerj.1397@Supplementary_Table_S3_Triturus_vertebral_formulae.pdf,2004 kB,2015:10:25 10:51:58+01:00,43
10.7717%2Fpeerj.447@Meadow_etal_Phones_Supplemental_R_Analysis.pdf,594 kB,2014:05:29 15:50:15-07:00,42
10.7717%2Fpeerj.456@all_mSD_Heatmaps_V2.pdf,425 kB,2014:06:15 14:04:00+03:00,40
10.7717%2Fpeerj.501@Cuticle_histology.pdf,4.7 MB,2014:06:09 14:53:48-04:00,40
"10.7717%2Fpeerj.329@File_S2._Raw_data_and_supplementary_information_for_results_(Tables_S1__S3,_Figures_S1__S23).pdf",4.0 MB,2014:02:14 16:24:50+01:00,37
10.7717%2Fpeerj.177@Supplemental_File_S2.pdf,1417 kB,2012:10:14 12:25:57-04:00,35
10.7717%2Fpeerj.803@Appendices_for_L._sericata.pdf,564 kB,2014:11:10 18:03:00-06:00,34
10.7717%2Fpeerj.1310@Supplementarytable2.xlsx.pdf,285 kB,2015:07:19 10:53:20Z,32
10.7717%2Fpeerj.1299@Shan_RawData.pdf,817 kB,2015:03:25 13:11:26-06:00,31
10.7717%2Fpeerj.785@peerj-review-2365-Supplemental_file_Total_body_water_and_Bioelectrical_impedance_data.pdf,293 kB,2014:07:14 09:51:47Z,31
10.7717%2Fpeerj.920@S1-Simulation.pdf,1531 kB,2014:06:11 20:18:41+12:00,31
10.7717%2Fpeerj.1368@CTRL02_protocol.pdf,254 kB,2015:07:13 16:37:32+01:00,30
10.7717%2Fpeerj.511@FileS2.pdf,738 kB,2014:06:19 22:28:41Z,30
10.7717%2Fpeerj.327@Atoll_Res_Bull_1991_Dai.pdf,2.9 MB,2006:08:04 00:14:25+09:00,29
10.7717%2Fpeerj.351@rap002_protocol.pdf,1779 kB,2014:01:17 11:37:11,29
10.7717%2Fpeerj.511@FileS1.pdf,931 kB,2014:06:19 22:31:37Z,29
10.7717%2Fpeerj.306@Conole.SUPPLEMENTARY_TEXT.v2.pdf,1613 kB,2014:01:28 06:17:43Z,28
10.7717%2Fpeerj.297@Justine_et_al_-_Le_ver_plat_de_Nouvelle-Guinee_Platydemus_manokwari_en_France.pdf,856 kB,2014:02:24 10:26:24+01:00,27
10.7717%2Fpeerj.511@FileS3.pdf,693 kB,2014:06:19 22:26:19Z,27
10.7717%2Fpeerj.576@Supplemental_file_S1.pdf,8.4 MB,2014:08:25 09:20:52+10:00,27
10.7717%2Fpeerj.1368@CTRL01_protocol.pdf,166 kB,2015:07:13 16:37:20+01:00,25
10.7717%2Fpeerj.920@S5-Squid_re-analysis.pdf,522 kB,2014:06:11 19:24:15+12:00,24
10.7717%2Fpeerj.976@halldorsdottir_supplemental_cath.pdf,897 kB,2015:04:17 16:34:39-04:00,23
10.7717%2Fpeerj.864@Raw_Data.pdf,69 kB,2011:10:23 18:51:47-02:00,21
10.7717%2Fpeerj.199@supplemental_table_s2.pdf,226 kB,2013:08:23 16:51:26+09:00,19
10.7717%2Fpeerj.77@supporting table S1.pdf,2.2 MB,2013:01:26 16:28:07+01:00,19
10.7717%2Fpeerj.111@sm-single.pdf,2032 kB,2013:07:02 13:30:33Z,18
10.7717%2Fpeerj.182@SuppArticleS1_R1.pdf,124 kB,2013:10:21 21:04:51-07:00,18
10.7717%2Fpeerj.811@Raw_data.pdf,3.3 MB,2015:02:11 01:53:31,18
10.7717%2Fpeerj.111@sm-double.pdf,881 kB,2013:07:02 13:31:12Z,17
10.7717%2Fpeerj.796@20150127_VaRank_README.pdf,831 kB,2015:01:27 09:48:27+01:00,17
10.7717%2Fpeerj.808@Arioc.2.supp.pdf,577 kB,2015:01:19 07:27:31+05:00,17
10.7717%2Fpeerj.831@SupportingInformation_revised_Submit.pdf,329 kB,2015:02:11 15:32:29Z,17
10.7717%2Fpeerj.133@Supplementary_methods.pdf,154 kB,2013:05:27 16:43:32Z,16
10.7717%2Fpeerj.1246@Experiment_2_Growout_bags_with_Bivalves.pdf,414 kB,2015:02:21 18:17:43-05:00,15
10.7717%2Fpeerj.450@Supplemental_Information.pdf,542 kB,2014:03:15 22:01:06-04:00,15
10.7717%2Fpeerj.920@S4-Discrimination_analysis.pdf,122 kB,2014:06:11 19:03:29+12:00,15
10.7717%2Fpeerj.1064@Sup_Figures.pdf,2001 kB,2015:06:03 11:33:20+02:00,14
10.7717%2Fpeerj.299@Supplementary_information_2_summer_questionnaire.pdf,154 kB,2013:12:17 11:47:31Z,14
10.7717%2Fpeerj.821@Molak&Ho_RatesDecay_-_Supplementary_article.pdf,117 kB,2015:02:09 10:09:45+01:00,14
10.7717%2Fpeerj.947@PeerJ-947_Villemant_et_al._2015_French_version.pdf,750 kB,2015:05:06 18:55:17+02:00,14
10.7717%2Fpeerj.1224@Supplementary1.pdf,573 kB,2014:10:01 15:01:43Z,13
10.7717%2Fpeerj.1366@tasSuit_supplementaryMaterial1.pdf,1711 kB,2015:09:22 08:47:24+10:00,13
10.7717%2Fpeerj.1379@20150706_Herbaceous_Landlord_Supplement.pdf,1111 kB,2015:07:07 01:45:51Z,13
10.7717%2Fpeerj.504@Supplemental_Document_S1.pdf,1206 kB,2014:05:23 00:05:09-04:00,13
10.7717%2Fpeerj.976@FigS2.pdf,690 kB,2015:02:07 13:27:20-05:00,13
10.7717%2Fpeerj.118@SuppFile2.pdf,2.4 MB,2013:06:02 22:25:18-03:00,12
10.7717%2Fpeerj.1221@SupplementInfo4.pdf,11 MB,2015:07:15 14:36:22Z,11
10.7717%2Fpeerj.589@supplement-revision.pdf,477 kB,2014:08:25 11:38:25-04:00,11
10.7717%2Fpeerj.796@20150114_VaRank_TUTORIAL.pdf,616 kB,2015:01:20 15:29:30+01:00,11
10.7717%2Fpeerj.1226@Supplement_1_Kain_Bolker_McCoy.pdf,365 kB,2015:05:31 18:53:20Z,10
10.7717%2Fpeerj.179@Appendix_Jul_13.pdf,47 kB,2013:07:31 15:16:21-08:00,10
10.7717%2Fpeerj.299@Supplementary_Information_1_winter_questionnaire.pdf,112 kB,2013:12:17 11:46:34Z,10
10.7717%2Fpeerj.624@SupplementalDataS1-(Revised).pdf,1707 kB,2014:09:11 12:18:28+01:00,10
10.7717%2Fpeerj.709@Kozlov-etal-appendix1-091114.pdf,103 kB,2014:11:09 09:23:22+02:00,10
10.7717%2Fpeerj.754@raw_data_WBs.pdf,797 kB,2015:01:16 10:42:09+01:00,10
10.7717%2Fpeerj.930@Supplementary_data_tables.ONEILL_et_al.pdf,359 kB,2015:04:21 10:46:34-06:00,10
10.7717%2Fpeerj.940@Foth_etal_Allosaurus_pathologies_Suppl.pdf,1474 kB,2015:04:02 14:19:08+02:00,10
10.7717%2Fpeerj.1067@Collection_permit_17778.pdf,3.0 MB,,9
10.7717%2Fpeerj.1221@SupplementInfo1.pdf,6.9 MB,2015:02:14 09:04:48+01:00,9
10.7717%2Fpeerj.1341@Table_S1_with_references.pdf,97 kB,2015:09:08 20:29:13-03:00,9
10.7717%2Fpeerj.157@alpha_supp.pdf,238 kB,2013:08:16 13:50:30-07:00,9
10.7717%2Fpeerj.199@supplemental_table_s1.pdf,167 kB,2013:08:23 16:50:05+09:00,9
10.7717%2Fpeerj.241@Supplementary_Material-v4.pdf,203 kB,2013:11:21 10:16:11-05:00,9
10.7717%2Fpeerj.285@SupplementaryInformation_Barraquand2014PeerJ_e285.pdf,157 kB,2014:02:24 22:13:18+01:00,9
10.7717%2Fpeerj.449@supplementary.pdf,127 kB,2014:05:29 11:54:03+02:00,9
10.7717%2Fpeerj.459@Supplement_Pepper&Nettle_Out_of_control_mortality_matters.pdf,530 kB,2014:06:06 15:11:29+01:00,9
10.7717%2Fpeerj.493@Kantanen_S1.pdf,6.0 MB,0000:01:01 00:00:00,9
10.7717%2Fpeerj.607@Supplementary_Materials.pdf,507 kB,2014:09:04 19:52:53Z,9
10.7717%2Fpeerj.786@Supplemental_Table_S2.pdf,296 kB,2015:01:25 21:36:24-05:00,9
10.7717%2Fpeerj.927@Supplemental_S1.pdf,412 kB,2015:03:28 13:01:25Z,9
10.7717%2Fpeerj.1255@Supplement_2_-_additional_study_data.pdf,2.4 MB,2015:07:07 10:53:23Z,8
10.7717%2Fpeerj.1290@Information.pdf,189 kB,2015:07:09 10:29:14-05:00,8
10.7717%2Fpeerj.1376@Bacteria_ID_Service_Report.pdf,251 kB,2012:04:12 12:01:20,8
10.7717%2Fpeerj.1384@SUPPLEMENTARY_MATERIAL_1.pdf,319 kB,2015:09:30 09:40:38+02:00,8
10.7717%2Fpeerj.253@FInal_SI.pdf,412 kB,2014:01:06 10:26:26Z,8
10.7717%2Fpeerj.447@Meadow_etal_Phones_Contamination_Supplemental_R_Analysis.pdf,570 kB,2014:05:29 15:42:45-07:00,8
10.7717%2Fpeerj.610@Supplemental_Article_S1.pdf,233 kB,2014:09:08 13:24:41-05:00,8
10.7717%2Fpeerj.709@Kozlov-etal-appendix3-090914.pdf,1943 kB,2014:04:27 13:49:05+03:00,8
10.7717%2Fpeerj.834@spm_unshifted_peerJ.pdf,225 kB,2015:02:02 09:21:16-06:00,8
10.7717%2Fpeerj.869@SuppEstimatingComplexity.pdf,611 kB,2015:02:05 11:51:34-08:00,8
10.7717%2Fpeerj.1022@McCarthy_etal_Supp_corrected.pdf,1044 kB,2015:05:22 13:27:16-04:00,7
10.7717%2Fpeerj.1042@Permiso_2012-2015_RD-0245-2012-DGFFS-DGEFFS.pdf,4.5 MB,2012:07:19 20:27:09Z,7
10.7717%2Fpeerj.1237@Supplement.pdf,787 kB,2015:07:14 16:40:30-07:00,7
10.7717%2Fpeerj.1326@Supporting_Information_(7-18).pdf,111 kB,2015:07:31 00:55:56+08:00,7
10.7717%2Fpeerj.392@CODEEXAMPLE.pdf,25 kB,2014:04:30 13:20:17-04:00,7
10.7717%2Fpeerj.392@Supplement_1_FINALb.pdf,226 kB,2014:03:27 12:43:44-04:00,7
10.7717%2Fpeerj.484@Supplementary_file1.pdf,1098 kB,2014:05:24 08:28:14Z,7
10.7717%2Fpeerj.562@Roberts_&_St_John_SI1_R1.pdf,86 kB,2014:08:01 10:24:40Z,7
10.7717%2Fpeerj.861@SI.pdf,4.4 MB,2015:02:18 14:36:29+01:00,7
10.7717%2Fpeerj.920@S2-Sensitivity.pdf,208 kB,2015:02:02 12:19:27+13:00,7
10.7717%2Fpeerj.1104@Raw_data.pdf,435 kB,2015:04:28 18:29:39+08:00,6
10.7717%2Fpeerj.1203@Supplemental-Manual_PeerReview-S1.pdf,287 kB,2014:05:24 00:28:27-04:00,6
10.7717%2Fpeerj.1204@Measey_et_al_Supp_Info.pdf,130 kB,2015:07:30 07:16:32+02:00,6
10.7717%2Fpeerj.1208@Suppl.pdf,85 kB,2015:05:22 03:48:54Z,6
10.7717%2Fpeerj.1246@Experiment_1_Growout_bags_with_Natural_Substrate.pdf,208 kB,2015:02:21 18:16:41-05:00,6
10.7717%2Fpeerj.1299@Shan_StatisticalComparisons.pdf,299 kB,2015:03:24 18:39:40-06:00,6
10.7717%2Fpeerj.23@Supplemental_Table_1.pdf,106 kB,2012:11:28 17:43:26Z,6
10.7717%2Fpeerj.267@SupplementalInformation.pdf,752 kB,2013:11:04 08:16:46-08:00,6
10.7717%2Fpeerj.358@Cregger_et_al_2014_3_17Clean.4.pdf,140 kB,2014:03:18 12:44:39Z,6
10.7717%2Fpeerj.480@S5_Survey_form_at_30_years.pdf,221 kB,2014:03:24 16:50:51+02:00,6
10.7717%2Fpeerj.562@Roberts_&_St_John_SI2_R1.pdf,107 kB,2014:08:01 10:27:54Z,6
10.7717%2Fpeerj.610@Supplemental_Script_S1.pdf,23 kB,2014:07:03 20:37:51-05:00,6
10.7717%2Fpeerj.682@Raw_Data.pdf,47 kB,2014:10:02 15:03:06Z,6
10.7717%2Fpeerj.687@BOLD_2_back_effect_60mg_only.pdf,145 kB,2014:07:31 21:11:33Z,6
10.7717%2Fpeerj.687@SupplementalFigure2_corrected.pdf,156 kB,2014:07:31 21:11:33Z,6
10.7717%2Fpeerj.743@Greylag_Raw_Data.pdf,28 kB,2014:12:23 17:23:43Z,6
10.7717%2Fpeerj.783@StarkeClayton_supplement.pdf,249 kB,2015:03:22 20:33:41+00:00,6
10.7717%2Fpeerj.919@SuppFigs.pdf,5.0 MB,2015:03:11 20:15:39Z,6
10.7717%2Fpeerj.102@S2_trial_protocol.pdf,93 kB,2013:05:25 23:32:45+02:00,5
10.7717%2Fpeerj.1151@CSO_Appendix_A_-_PeerJ.pdf,504 kB,2015:07:02 16:55:51-04:00,5
10.7717%2Fpeerj.1161@Appendix_1.pdf,65 kB,2015:07:15 10:32:29Z,5
10.7717%2Fpeerj.1162@PeerJ_Moser_etal_SI_Proof.pdf,111 kB,2015:07:28 10:07:09+02:00,5
10.7717%2Fpeerj.1340@mparker.peerjppr.figureS5.pdf,386 kB,2015:09:11 19:38:14-04:00,5
10.7717%2Fpeerj.203@Supplement_S2.pdf,54 kB,2013:10:06 08:22:51-10:00,5
10.7717%2Fpeerj.329@File_S1._Field_observation_and_literature_review_of_Rathousiidae_slugs_and_Lampyridae_beetle_larvae_predatory_behaviours..pdf,194 kB,2014:02:20 13:15:04+01:00,5
10.7717%2Fpeerj.433@Supplement_revised.pdf,175 kB,2014:05:20 16:57:40+02:00,5
10.7717%2Fpeerj.572@eDistractions_results.pdf,277 kB,2013:07:29 18:08:21Z,5
10.7717%2Fpeerj.644@Supplemental_Article_S1.pdf,246 kB,2014:08:13 07:46:41,5
10.7717%2Fpeerj.71@Supplementary materials2.pdf,63 kB,2013:02:12 16:55:48+11:00,5
10.7717%2Fpeerj.755@SI2_Table_pelican_model.pdf,61 kB,2015:01:16 14:07:04+01:00,5
10.7717%2Fpeerj.834@spm_mult_peerJ.pdf,130 kB,2015:02:02 09:20:43-06:00,5
10.7717%2Fpeerj.834@spm_shifted_peerj.pdf,143 kB,2015:02:02 09:19:22-06:00,5
"10.7717%2Fpeerj.1012@Sutton,_A_-_Appendix_A_[Sea_Eagle_Interview_Protocol].pdf",89 kB,2014:12:05 00:33:48Z,4
10.7717%2Fpeerj.1040@Supplementary_Information.pdf,659 kB,2015:04:22 14:01:23Z,4
10.7717%2Fpeerj.1096@DS_IFC_-_enroll_90.pdf,2.3 MB,2012:01:09 11:33:00-05:00,4
10.7717%2Fpeerj.1207@Supplementary_information.pdf,291 kB,2015:05:18 10:51:38+03:00,4
10.7717%2Fpeerj.1225@Supplementary_table_1.pdf,128 kB,2015:07:21 10:12:27Z,4
10.7717%2Fpeerj.1241@Table_S1.pdf,193 kB,2015:08:20 00:47:25-03:00,4
10.7717%2Fpeerj.1247@Fig_S3(pSH350-1amb-immE3_seq)HM.pdf,301 kB,2015:08:21 08:08:04Z,4
10.7717%2Fpeerj.1247@Fig_S4(pTYR_MjIYRS2-1(D286)MJR1x3_seq).pdf,211 kB,2015:08:21 03:26:48Z,4
10.7717%2Fpeerj.1278@Supp_file_2_Final_DORA_questionnaire.pdf,485 kB,2015:09:04 00:33:59+01:00,4
10.7717%2Fpeerj.128@DA_COI_statement_from_2011_on.pdf,351 kB,2013:03:07 12:09:35+01:00,4
10.7717%2Fpeerj.1366@tasSuit_supplementaryMaterial2.pdf,606 kB,2015:09:22 08:49:09+10:00,4
10.7717%2Fpeerj.164@IRB_Determination.pdf,233 kB,2013:05:25 22:58:26+03:00,4
10.7717%2Fpeerj.171@Supp_S2.pdf,135 kB,2013:06:03 19:55:17Z,4
10.7717%2Fpeerj.22@2008001361_consent.pdf,268 kB,2012:11:28 04:55:45Z,4
10.7717%2Fpeerj.25@LPT2protocol.pdf,74 kB,,4
10.7717%2Fpeerj.269@SUPP_10_combined_posthoc_results.pdf,115 kB,2013:03:02 14:57:39Z,4
10.7717%2Fpeerj.280@Supplementary_Material.pdf,691 kB,2014:01:09 14:02:09+11:00,4
10.7717%2Fpeerj.321@Hird_SuppFigs.pdf,178 kB,2013:10:02 21:16:33Z,4
10.7717%2Fpeerj.32@SupplementalDocumentS1.pdf,306 kB,2013:01:15 13:03:10+01:00,4
10.7717%2Fpeerj.557@ESM.pdf,231 kB,2013:04:26 18:31:25-05:00,4
10.7717%2Fpeerj.582@SupplTable2.pdf,104 kB,2014:04:27 00:26:01Z,4
10.7717%2Fpeerj.583@cov_peer_sup.pdf,813 kB,2014:08:12 17:30:46+02:00,4
10.7717%2Fpeerj.632@evangelista-supplemental.pdf,356 kB,2014:09:01 08:01:48-04:00,4
10.7717%2Fpeerj.663@newFigS1.pdf,64 kB,2014:10:24 13:13:51-07:00,4
10.7717%2Fpeerj.68@Supplemental_Figure_S3.pdf,224 kB,2013:03:04 11:07:20-05:00,4
10.7717%2Fpeerj.68@Supplemental_Figure_S4.pdf,626 kB,2013:03:04 11:19:04-05:00,4
10.7717%2Fpeerj.709@Kozlov-etal-appendix2-090914.pdf,847 kB,2014:09:09 09:51:38+03:00,4
10.7717%2Fpeerj.755@SI1_Table_Reference_model.pdf,53 kB,2014:12:11 16:34:25+01:00,4
10.7717%2Fpeerj.760@SI1.pdf,94 kB,2015:01:20 09:34:15+01:00,4
10.7717%2Fpeerj.760@SI2.pdf,208 kB,2015:01:20 09:34:41+01:00,4
10.7717%2Fpeerj.818@Supp_Figure2.pdf,406 kB,2013:12:20 15:37:34-07:00,4
10.7717%2Fpeerj.830@Fig_S1.pdf,29 kB,2014:12:07 17:22:09+02:00,4
10.7717%2Fpeerj.867@DATA_S1.pdf,62 kB,2015:03:23 21:07:43-07:00,4
10.7717%2Fpeerj.900@Supplemental_Table_S2.pdf,91 kB,2015:03:24 19:36:23-05:00,4
10.7717%2Fpeerj.961@Supplementary_figures.pdf,457 kB,2015:04:23 17:14:22+10:00,4
10.7717%2Fpeerj.990@An_empty_form_template_of_the_proof_of_consent_for_participants.pdf,321 kB,2015:05:12 11:46:11+08:00,4
10.7717%2Fpeerj.1015@APPENDIX_1.pdf,97 kB,2015:05:19 15:49:25Z,3
10.7717%2Fpeerj.1040@Raw_Figure_1.pdf,2.9 MB,2015:05:19 02:53:23Z,3
10.7717%2Fpeerj.1055@Formofconsent.pdf,144 kB,2015:02:11 15:43:17,3
10.7717%2Fpeerj.1115@ConsentForm_07-22-2014.pdf,125 kB,2014:07:22 14:03:49-04:00,3
10.7717%2Fpeerj.1161@Appendix_3.pdf,101 kB,2014:11:28 14:00:58Z,3
10.7717%2Fpeerj.1161@Appendix_4.pdf,95 kB,2015:06:04 13:45:09Z,3
10.7717%2Fpeerj.1191@SuppFigs4524.pdf,1018 kB,,3
10.7717%2Fpeerj.1241@Table_S3.pdf,38 kB,2015:08:20 00:52:36-03:00,3
10.7717%2Fpeerj.1314@150928-supplemental_methods.pdf,87 kB,2015:09:28 15:00:39-04:00,3
10.7717%2Fpeerj.1346@Suppl_Inf_1_Captivity_Immobilisation.pdf,81 kB,2015:09:24 11:30:13Z,3
10.7717%2Fpeerj.265@Liczner-Lortie-2013PRISMA_2009_Checklist.pdf,211 kB,2013:11:26 00:41:46,3
10.7717%2Fpeerj.282@Supplementary__material__Rapid_protocol.pdf,71 kB,2011:02:25 15:05:48Z,3
10.7717%2Fpeerj.296@suppl_table_1_Site_table.pdf,276 kB,2014:01:27 18:01:21-06:00,3
10.7717%2Fpeerj.312@IRB_approval.pdf,117 kB,2012:03:08 16:31:03-06:00,3
10.7717%2Fpeerj.371@SupplementalTableS1Revised.pdf,71 kB,2015:01:05 01:20:53Z,3
10.7717%2Fpeerj.392@Supplement_2_finalb.pdf,238 kB,2014:03:27 12:46:38-04:00,3
10.7717%2Fpeerj.466@Appendixes.pdf,93 kB,2014:03:31 14:58:57Z,3
10.7717%2Fpeerj.47@TableS4.pdf,99 kB,2013:02:12 22:35:04Z,3
10.7717%2Fpeerj.480@S1_Background_information_9_years.pdf,338 kB,2014:03:24 16:24:11+02:00,3
10.7717%2Fpeerj.480@S8_Variable_importance_in_random_forest_classification_all_variables.pdf,279 kB,2014:03:25 09:51:44+02:00,3
10.7717%2Fpeerj.536@Invitation_to_participate_in_a_study_general[English].pdf,131 kB,2014:04:01 06:15:46,3
10.7717%2Fpeerj.57@McKiernan_SloMS_Supplemental1.pdf,428 kB,2013:03:14 00:28:46-06:00,3
10.7717%2Fpeerj.59@Table S1.pdf,16 kB,2013:01:17 17:40:32+01:00,3
10.7717%2Fpeerj.650@Huang.Supplemental.TableS1.pdf,10 kB,2014:09:21 13:20:03-05:00,3
10.7717%2Fpeerj.806@SI_Article1.pdf,69 kB,2015:01:27 20:19:19Z,3
10.7717%2Fpeerj.1028@Supplemental_figure_S2.pdf,409 kB,2015:02:09 20:07:34Z,2
10.7717%2Fpeerj.102@S1_CONSORT_checklist.pdf,201 kB,2013:05:26 00:31:36+02:00,2
10.7717%2Fpeerj.1069@appendix.pdf,68 kB,2015:06:05 00:59:19Z,2
10.7717%2Fpeerj.1071@Supplemental_Table_S3.pdf,58 kB,2015:05:23 11:18:10+09:00,2
10.7717%2Fpeerj.1071@Supplemental_Table_S6.pdf,60 kB,2015:05:23 11:19:46+09:00,2
10.7717%2Fpeerj.1096@IRBApproval.pdf,1104 kB,2011:11:17 15:40:37-05:00,2
10.7717%2Fpeerj.1134@permit.pdf,1355 kB,,2
10.7717%2Fpeerj.1213@Supplementary_Table_S1-2.pdf,85 kB,2015:03:10 22:52:40Z,2
10.7717%2Fpeerj.1243@supplement3.pdf,87 kB,2015:08:19 15:12:41Z,2
10.7717%2Fpeerj.1255@Supplement_1_-_PRISMA_2009_checklist.pdf,115 kB,2015:07:06 21:15:52Z,2
10.7717%2Fpeerj.1278@Supp_file_1_Semistructured_interview_guide.pdf,278 kB,2015:09:04 00:32:51+01:00,2
10.7717%2Fpeerj.1292@Figure_S1.pdf,101 kB,2015:07:12 07:12:14+08:00,2
10.7717%2Fpeerj.1299@Shan_AssementsOfExpertAdjudicators.pdf,230 kB,2015:06:20 21:13:39-06:00,2
10.7717%2Fpeerj.1308@Ovule_treatment_S[1].pdf,64 kB,2014:12:22 12:12:08Z,2
10.7717%2Fpeerj.1344@ProCS15_SuppMat.pdf,48 kB,2015:08:23 09:10:31Z,2
10.7717%2Fpeerj.1353@Supplemental_table_S2.pdf,105 kB,2015:08:11 15:03:37+02:00,2
10.7717%2Fpeerj.171@Supp_S3.pdf,80 kB,2013:08:09 20:44:05Z,2
10.7717%2Fpeerj.175@S1.pdf,77 kB,2013:04:03 12:18:05Z,2
10.7717%2Fpeerj.203@Supplement_S1.pdf,98 kB,2013:10:06 08:20:25-10:00,2
10.7717%2Fpeerj.203@Supplement_S3.pdf,81 kB,2013:10:06 08:24:23-10:00,2
10.7717%2Fpeerj.289@Supplemental_Article_S1.pdf,588 kB,2013:11:01 19:02:28+01:00,2
10.7717%2Fpeerj.28@Fig S1.pdf,30 kB,2013:01:07 19:39:28Z,2
10.7717%2Fpeerj.43@8601_ter_guidelines.pdf,374 kB,2011:09:21 15:23:43+10:00,2
10.7717%2Fpeerj.480@S2_teachers_assessment_at_9_years.pdf,346 kB,2014:03:27 20:53:39+02:00,2
10.7717%2Fpeerj.480@S3_Background_information__at_16_years.pdf,314 kB,2014:03:24 16:32:15+02:00,2
10.7717%2Fpeerj.480@S7_Supplement_table_variables_tested_response_vs_nonresponse.pdf,121 kB,2014:03:24 15:10:52+02:00,2
10.7717%2Fpeerj.548@ISTDP_effectiveness_S1_CONSORT_checklist.pdf,202 kB,2014:06:01 01:31:28-03:00,2
10.7717%2Fpeerj.565@Supplementary_material.pdf,79 kB,2014:06:24 04:47:19+02:00,2
10.7717%2Fpeerj.613@ALL-Hypoxie-N-pdf.pdf,96 kB,2014:07:12 12:47:21+07:00,2
10.7717%2Fpeerj.613@ALL-Mortaliy-N-pdf.pdf,96 kB,2014:07:12 12:48:20+07:00,2
10.7717%2Fpeerj.613@ALL-Mortaliy-%-pdf.pdf,96 kB,2014:07:12 12:41:47+07:00,2
10.7717%2Fpeerj.613@ALL-PONV-N-pdf.pdf,97 kB,2014:07:12 12:52:52+07:00,2
10.7717%2Fpeerj.613@ALL-PONV-%-pdf.pdf,97 kB,2014:07:12 12:51:49+07:00,2
10.7717%2Fpeerj.613@ALL-SSI-N-pdf.pdf,96 kB,2014:07:12 12:54:44+07:00,2
10.7717%2Fpeerj.613@ALL-SSI-%-pdf.pdf,98 kB,2014:07:12 12:53:50+07:00,2
10.7717%2Fpeerj.613@ALL-UICU-%-pdf.pdf,96 kB,2014:07:12 12:55:59+07:00,2
10.7717%2Fpeerj.665@supplemental_s1_movement.pdf,179 kB,2014:10:14 13:32:50-05:00,2
10.7717%2Fpeerj.665@supplemental_s2_structure.pdf,185 kB,2014:10:16 10:35:36-05:00,2
10.7717%2Fpeerj.687@ASL_2_back_effect_60mg_only_5p7.pdf,109 kB,2014:08:01 19:24:46Z,2
"10.7717%2Fpeerj.687@ASL_SYN_effect_fix_and_2_back,_12_subs_5p7mm.pdf",100 kB,2014:07:31 21:53:05Z,2
10.7717%2Fpeerj.687@ASL_SYN_on_2_back_60_mg_only_fixand2back_5p7.pdf,101 kB,2014:07:23 16:37:09Z,2
10.7717%2Fpeerj.687@BOLD_SYN_effect_60_mg_only.pdf,101 kB,2014:08:06 18:04:55Z,2
10.7717%2Fpeerj.687@BOLD_SYN_on_2_back_60mg_only.pdf,101 kB,2014:08:01 19:41:33Z,2
10.7717%2Fpeerj.687@SupplementalFigure10.pdf,100 kB,2014:10:24 18:54:09Z,2
10.7717%2Fpeerj.687@SupplementalFigure11.pdf,86 kB,2014:07:23 16:36:33Z,2
10.7717%2Fpeerj.687@SupplementalFigure12.pdf,102 kB,2014:08:01 19:44:19Z,2
10.7717%2Fpeerj.687@SupplementalFigure1.pdf,109 kB,2014:08:01 19:24:46Z,2
10.7717%2Fpeerj.687@SupplementalFigure3.pdf,101 kB,2014:07:23 16:37:09Z,2
10.7717%2Fpeerj.687@SupplementalFigure4.pdf,101 kB,2014:08:01 19:41:33Z,2
10.7717%2Fpeerj.687@SupplementalFigure5.pdf,100 kB,2014:07:31 21:53:05Z,2
10.7717%2Fpeerj.687@SupplementalFigure6.pdf,101 kB,2014:08:06 18:04:55Z,2
10.7717%2Fpeerj.687@SupplementalFigure7.pdf,99 kB,2014:10:24 18:48:09Z,2
10.7717%2Fpeerj.687@SupplementalFigure8.pdf,100 kB,2014:10:24 22:29:00Z,2
10.7717%2Fpeerj.687@SupplementalFigure9.pdf,98 kB,2014:10:24 22:39:31Z,2
10.7717%2Fpeerj.709@Kozlov-etal-appendix4-091114.pdf,80 kB,2014:11:09 15:21:11+02:00,2
10.7717%2Fpeerj.725@DrugOn_quick_guide.pdf,363 kB,2014:04:01 14:18:58+03:00,2
10.7717%2Fpeerj.746@vvvvPRISMA_2009_Checklist.pdf,990 kB,2009:08:07 13:56:47-04:00,2
10.7717%2Fpeerj.815@Supplemental_Table_S3.pdf,494 kB,2015:02:04 17:43:19+00:00,2
10.7717%2Fpeerj.815@Supplemental_Table_S4.pdf,544 kB,2015:02:04 17:49:25+00:00,2
10.7717%2Fpeerj.863@SMALE_et_al_PeerJ_2015_Table_S2.pdf,214 kB,2015:02:26 18:19:47+00:00,2
10.7717%2Fpeerj.884@Supplementary_Information.pdf,133 kB,2015:03:03 09:35:49-05:00,2
10.7717%2Fpeerj.900@Supplemental_Table_S1.pdf,87 kB,2015:03:24 19:36:23-05:00,2
10.7717%2Fpeerj.910@PRISMA_Checklist.pdf,197 kB,2014:12:13 21:16:06+08:00,2
10.7717%2Fpeerj.920@S3-Variable_selection.pdf,97 kB,2015:02:02 11:42:13+13:00,2
10.7717%2Fpeerj.976@FigS1.pdf,147 kB,2015:03:23 14:28:47-04:00,2
10.7717%2Fpeerj.985@VirSorter_step_by_step_merged.pdf,559 kB,2015:05:04 12:51:02-07:00,2
10.7717%2Fpeerj.1000@OsiriXpic.pdf,419 kB,2015:05:14 04:19:35Z,1
10.7717%2Fpeerj.1001@FigS1_HipLAR_MAs1_(2).pdf,212 kB,2015:05:29 10:26:27+01:00,1
10.7717%2Fpeerj.1001@FigS2_HipLAR_MAs2_(2).pdf,176 kB,2015:05:29 10:28:16+01:00,1
10.7717%2Fpeerj.1001@FigS3_HipABAD_MAs1_(2).pdf,204 kB,2015:05:29 10:28:44+01:00,1
10.7717%2Fpeerj.1001@FigS4_HipABAD_MAs2_(2).pdf,175 kB,2015:05:29 10:29:29+01:00,1
10.7717%2Fpeerj.1001@FigS5_walkkinematics_Updated.pdf,267 kB,2015:05:14 10:23:47+01:00,1
10.7717%2Fpeerj.1015@APPENDIX_2.pdf,63 kB,2015:02:24 18:07:47Z,1
10.7717%2Fpeerj.1017@Figure_S10.pdf,213 kB,2015:04:30 15:27:12Z,1
10.7717%2Fpeerj.1017@Figure_S11.pdf,198 kB,2015:04:30 15:27:28Z,1
10.7717%2Fpeerj.1017@Figure_S12.pdf,187 kB,2015:04:30 15:27:45Z,1
10.7717%2Fpeerj.1017@Figure_S13.pdf,177 kB,2015:04:30 15:28:01Z,1
10.7717%2Fpeerj.1017@Figure_S14.pdf,164 kB,2015:04:30 15:28:14Z,1
10.7717%2Fpeerj.1017@Figure_S15.pdf,163 kB,2015:04:30 15:28:36Z,1
10.7717%2Fpeerj.1017@Figure_S16.pdf,190 kB,2015:04:30 15:28:53Z,1
10.7717%2Fpeerj.1017@Figure_S17.pdf,118 kB,2014:12:16 03:33:08Z,1
10.7717%2Fpeerj.1017@Figure_S18.pdf,202 kB,2015:04:29 14:20:22Z,1
10.7717%2Fpeerj.1017@Figure_S19.pdf,124 kB,2014:12:03 22:54:24Z,1
10.7717%2Fpeerj.1017@Figure_S1.pdf,108 kB,2014:12:18 18:02:48Z,1
10.7717%2Fpeerj.1017@Figure_S20.pdf,125 kB,2014:12:03 22:54:37Z,1
10.7717%2Fpeerj.1017@Figure_S21.pdf,119 kB,2014:12:03 22:54:53Z,1
10.7717%2Fpeerj.1017@Figure_S22.pdf,116 kB,2014:12:04 16:21:18Z,1
10.7717%2Fpeerj.1017@Figure_S23.pdf,124 kB,2014:12:04 16:21:36Z,1
10.7717%2Fpeerj.1017@Figure_S24.pdf,170 kB,2014:12:04 16:22:51Z,1
10.7717%2Fpeerj.1017@Figure_S2.pdf,63 kB,2014:12:03 22:49:50Z,1
10.7717%2Fpeerj.1017@Figure_S3.pdf,366 kB,2014:12:16 03:28:05Z,1
10.7717%2Fpeerj.1017@Figure_S4.pdf,103 kB,2015:04:28 16:07:37Z,1
10.7717%2Fpeerj.1017@Figure_S5.pdf,183 kB,2015:04:30 15:25:41Z,1
10.7717%2Fpeerj.1017@Figure_S6.pdf,205 kB,2015:04:30 15:25:57Z,1
10.7717%2Fpeerj.1017@Figure_S7.pdf,181 kB,2015:04:30 15:26:12Z,1
10.7717%2Fpeerj.1017@Figure_S8.pdf,224 kB,2015:04:30 15:26:34Z,1
10.7717%2Fpeerj.1017@Figure_S9.pdf,198 kB,2015:04:30 15:26:57Z,1
10.7717%2Fpeerj.1028@Supplemental_figure_S1.pdf,177 kB,2015:02:09 20:06:32Z,1
10.7717%2Fpeerj.1029@FigS1.pdf,659 kB,,1
10.7717%2Fpeerj.1029@FigS2.pdf,609 kB,,1
10.7717%2Fpeerj.1029@FigS3.pdf,1064 kB,,1
10.7717%2Fpeerj.1036@Seiffert_et_al_Caenopithecus_Figure_S1_discriminant_functions.pdf,177 kB,2015:03:08 07:23:25-05:00,1
10.7717%2Fpeerj.1038@ul_sens_fmri_amp_anova_table.pdf,43 kB,2015:01:15 11:02:23+11:00,1
10.7717%2Fpeerj.1038@ul_sens_resid.pdf,10 kB,,1
10.7717%2Fpeerj.1038@ul_sens_task.pdf,14 kB,2015:03:28 15:52:04+11:00,1
10.7717%2Fpeerj.1042@01632e_02_VanHorn_Approval_Letter.pdf,140 kB,2015:04:02 11:27:03-04:00,1
"10.7717%2Fpeerj.1056@Almestrand_et_al._Supplementary_figure_1,_Gating_strategy_for_CD4.pdf",111 kB,2015:05:20 10:39:54+02:00,1
10.7717%2Fpeerj.1066@Supplementary_Fig_1.pdf,129 kB,2015:05:03 12:48:48+05:30,1
10.7717%2Fpeerj.1066@Supplementary_Fig_2.pdf,276 kB,2015:05:03 12:50:11+05:30,1
10.7717%2Fpeerj.1071@Supplemental_Figure_S1.pdf,115 kB,2015:05:23 11:21:37+09:00,1
10.7717%2Fpeerj.1071@Supplemental_Figure_S2.pdf,45 kB,2015:05:23 11:21:37+09:00,1
10.7717%2Fpeerj.1071@Supplemental_Table_S1.pdf,28 kB,2015:05:23 11:21:37+09:00,1
10.7717%2Fpeerj.1071@Supplemental_Table_S2.pdf,31 kB,2015:05:23 11:21:37+09:00,1
10.7717%2Fpeerj.1071@Supplemental_Table_S4.pdf,24 kB,2015:05:23 11:21:37+09:00,1
10.7717%2Fpeerj.1071@Supplemental_Table_S5.pdf,45 kB,2015:05:23 11:21:37+09:00,1
10.7717%2Fpeerj.1078@AnnexI.pdf,26 MB,2014:12:15 01:09:10Z,1
10.7717%2Fpeerj.1092@Fig_S1.pdf,839 kB,2015:06:17 07:53:16+11:00,1
10.7717%2Fpeerj.1092@Fig_S2.pdf,52 kB,2015:06:18 10:00:28+10:00,1
10.7717%2Fpeerj.1092@Fig_S3.pdf,37 kB,2015:06:18 10:01:00+10:00,1
10.7717%2Fpeerj.1092@Fig_S4.pdf,62 kB,2015:06:18 10:01:18+10:00,1
10.7717%2Fpeerj.1092@Fig_S5.pdf,224 kB,2015:06:18 10:01:36+10:00,1
10.7717%2Fpeerj.1092@Fig_S6.pdf,54 kB,2015:06:18 10:01:51+10:00,1
10.7717%2Fpeerj.1093@Garudimimus.pdf,5.3 MB,2015:05:12 10:55:47+01:00,1
10.7717%2Fpeerj.1093@Ornithomimus.pdf,13 MB,2015:05:12 10:55:47+01:00,1
10.7717%2Fpeerj.1093@Struthiomimus.pdf,11 MB,2015:05:12 10:55:47+01:00,1
10.7717%2Fpeerj.1095@Supplemental_Figure_S1.pdf,2.6 MB,,1
10.7717%2Fpeerj.1095@Supplemental_Figure_S3.pdf,1335 kB,,1
10.7717%2Fpeerj.1095@Supplemental_Figure_S4.pdf,1293 kB,,1
10.7717%2Fpeerj.1095@Supplemental_Figure_S5.pdf,1520 kB,,1
10.7717%2Fpeerj.1116@FigureS1.pdf,33 kB,2015:04:23 17:48:01Z,1
10.7717%2Fpeerj.1116@Figure.S2.pdf,106 kB,2015:06:11 18:15:43Z,1
10.7717%2Fpeerj.1116@Figure.S3.pdf,280 kB,2015:05:30 05:24:32Z,1
10.7717%2Fpeerj.1116@Figure.S4.pdf,33 kB,2015:08:20 21:37:25Z,1
10.7717%2Fpeerj.1117@Supplementary_Figure_S1.pdf,212 kB,2015:04:23 01:00:16+08:00,1
10.7717%2Fpeerj.1117@Supplementary_Figure_S2.pdf,266 kB,2015:06:24 16:14:16+08:00,1
10.7717%2Fpeerj.111@sm-fig-01.pdf,56 kB,2013:07:02 12:51:43Z,1
10.7717%2Fpeerj.111@sm-fig-02.pdf,47 kB,2013:07:02 12:58:02Z,1
10.7717%2Fpeerj.111@sm-fig-03.pdf,39 kB,2013:07:02 13:02:57Z,1
10.7717%2Fpeerj.111@sm-tab-01.pdf,19 kB,2013:07:02 13:13:02Z,1
10.7717%2Fpeerj.111@sm-tab-02.pdf,20 kB,2013:07:02 13:13:39Z,1
10.7717%2Fpeerj.1140@suppl.fig1.pdf,324 kB,2014:10:20 17:29:54-04:00,1
10.7717%2Fpeerj.1140@suppl.fig2.pdf,6.9 kB,2015:03:20 13:47:04,1
10.7717%2Fpeerj.114@Supplemental_Figure_S10.pdf,114 kB,2013:07:03 10:02:53-04:00,1
10.7717%2Fpeerj.114@Supplemental_Figure_S1.pdf,121 kB,2013:07:03 09:47:41-04:00,1
10.7717%2Fpeerj.114@Supplemental_Figure_S2.pdf,106 kB,2013:07:03 09:48:19-04:00,1
10.7717%2Fpeerj.114@Supplemental_Figure_S4.pdf,121 kB,2013:07:03 09:51:31-04:00,1
10.7717%2Fpeerj.114@Supplemental_Figure_S5.pdf,121 kB,2013:07:03 09:52:13-04:00,1
10.7717%2Fpeerj.114@Supplemental_Figure_S6.pdf,120 kB,2013:07:03 09:55:44-04:00,1
10.7717%2Fpeerj.114@Supplemental_Figure_S7.pdf,284 kB,2013:07:03 09:56:46-04:00,1
10.7717%2Fpeerj.114@Supplemental_Figure_S8.pdf,292 kB,2013:07:03 09:59:58-04:00,1
10.7717%2Fpeerj.114@Supplemental_Figure_S9.pdf,113 kB,2013:07:03 10:01:20-04:00,1
10.7717%2Fpeerj.114@Supplmental_Figure_S3.pdf,119 kB,2013:07:03 09:49:22-04:00,1
10.7717%2Fpeerj.1155@Fgure_S3.pdf,96 kB,2015:07:03 19:43:19+08:00,1
10.7717%2Fpeerj.1155@Figure_S1.pdf,101 kB,2015:07:03 18:56:29+08:00,1
10.7717%2Fpeerj.1155@Figure_S2.pdf,501 kB,2015:07:03 19:22:55+09:00,1
10.7717%2Fpeerj.1159@PeerJ_FigS1-PicsOnly.pdf,686 kB,2015:07:13 05:16:25Z,1
10.7717%2Fpeerj.1161@Appendix_2.pdf,31 kB,2015:07:15 10:33:45Z,1
10.7717%2Fpeerj.1163@s_Figure1.pdf,203 kB,2015:07:04 23:31:35-04:00,1
10.7717%2Fpeerj.1163@s_Figure2.pdf,193 kB,2015:07:04 23:32:01-04:00,1
10.7717%2Fpeerj.1176@Supplemental_fig_1.pdf,4.0 kB,2015:07:18 13:41:30,1
10.7717%2Fpeerj.1176@Supplemental_fig_2.pdf,2.6 kB,2015:07:18 13:43:55,1
10.7717%2Fpeerj.1177@Blake_Loiselle_SF1.pdf,134 kB,2015:06:24 11:45:36-04:00,1
10.7717%2Fpeerj.1177@Blake_Loiselle_SF2.pdf,117 kB,2015:07:20 10:21:58-04:00,1
10.7717%2Fpeerj.1177@Blake_Loiselle_SF3.pdf,93 kB,2015:06:24 11:42:46-04:00,1
10.7717%2Fpeerj.1190@FigS1.pdf,198 kB,2014:11:12 23:29:44Z,1
10.7717%2Fpeerj.1190@FigS2.pdf,175 kB,2014:12:27 19:42:04Z,1
10.7717%2Fpeerj.1190@FigS3.pdf,91 kB,2014:12:28 04:23:30Z,1
10.7717%2Fpeerj.1212@07-07_Lee_Smee_Approval.pdf,376 kB,2013:02:08 17:18:40-06:00,1
10.7717%2Fpeerj.1223@Supplemental_Figure_S1_Saureus_plasmid.pdf,856 kB,2015:06:03 17:05:31+10:00,1
10.7717%2Fpeerj.1223@Supplemental_Figure_S2_Stenotrophomonas_tree.pdf,97 kB,2015:08:05 11:05:39+11:00,1
10.7717%2Fpeerj.1223@Supplemental_Figure_S3_Other_CF_species_alignment.pdf,1277 kB,2015:06:03 17:29:07+10:00,1
10.7717%2Fpeerj.1223@Supplemental_Figure_S4_Enterobacter_cassette.pdf,1020 kB,2015:06:03 17:31:44+10:00,1
10.7717%2Fpeerj.1223@Supplemental_Figure_S5_Haemophilus_tree.pdf,104 kB,2015:08:05 11:04:56+11:00,1
10.7717%2Fpeerj.1224@Supplementary2.pdf,47 kB,2014:10:01 16:20:52+01:00,1
10.7717%2Fpeerj.1225@Supplementary_figure_1.pdf,531 kB,2015:07:21 10:10:26Z,1
10.7717%2Fpeerj.1225@Supplementary_figure_2.pdf,119 kB,2015:07:21 10:11:28Z,1
10.7717%2Fpeerj.1225@Supplementary_table_2_v2.pdf,68 kB,2015:07:21 10:13:15Z,1
10.7717%2Fpeerj.1225@Supplementary_table_4_v2.pdf,77 kB,2015:07:21 10:15:01Z,1
10.7717%2Fpeerj.1229@CTL_lysis_activity_of_the_CTLs_from_PPD-_donors.pdf,55 kB,2015:04:13 22:48:18+08:00,1
"10.7717%2Fpeerj.1235@Figure_5_Growth_small,_medium,_large.pdf",76 kB,2015:08:13 11:10:14Z,1
10.7717%2Fpeerj.1241@Fig_S1.pdf,83 kB,2015:08:20 00:44:59-03:00,1
10.7717%2Fpeerj.1241@Fig_S2.pdf,36 kB,2015:08:20 00:45:47-03:00,1
10.7717%2Fpeerj.1241@Table_S2.pdf,30 kB,2015:08:20 00:50:56-03:00,1
10.7717%2Fpeerj.1241@Table_S4.pdf,45 kB,2015:08:20 00:53:23-03:00,1
10.7717%2Fpeerj.1258@FigureS1.pdf,478 kB,2015:01:22 15:42:12-08:00,1
10.7717%2Fpeerj.1258@FigureS2.pdf,13 kB,2014:01:05 16:06:47,1
10.7717%2Fpeerj.1258@FigureS3.pdf,5.4 kB,2014:01:17 17:48:47,1
10.7717%2Fpeerj.1258@FigureS4.pdf,5.4 kB,2014:12:16 15:30:11,1
10.7717%2Fpeerj.1258@Meadow_Microbial_Cloud_Supplementary_Table_1.pdf,62 kB,2015:09:15 11:49:12-07:00,1
10.7717%2Fpeerj.1259@Suppl._Fig_1.pdf,851 kB,2015:08:21 00:05:43Z,1
10.7717%2Fpeerj.1259@Suppl._Fig_2.pdf,260 kB,2015:08:19 20:08:43Z,1
10.7717%2Fpeerj.1267@Fig_1.pdf,45 kB,2015:07:26 12:26:08+08:00,1
10.7717%2Fpeerj.1267@Fig_2.pdf,200 kB,2015:08:13 09:15:39+08:00,1
10.7717%2Fpeerj.1267@Fig_3.pdf,132 kB,2015:08:13 09:19:12+08:00,1
10.7717%2Fpeerj.1268@Supp2-_PRISMA_2009_Flow_Diagram_Charbonnier.pdf,230 kB,2015:06:03 07:02:59-04:00,1
10.7717%2Fpeerj.1269@figureS1.pdf,45 kB,,1
10.7717%2Fpeerj.1269@figureS2.pdf,149 kB,,1
10.7717%2Fpeerj.1294@ostrich_small.pdf,9.2 MB,2015:07:12 10:10:37+01:00,1
10.7717%2Fpeerj.1295@Fig.A1.pdf,67 kB,2015:08:19 21:26:59+02:00,1
10.7717%2Fpeerj.1295@Fig.A2.pdf,281 kB,2015:08:19 21:26:59+02:00,1
10.7717%2Fpeerj.1295@Fig.A3.pdf,276 kB,2015:08:19 21:26:59+02:00,1
10.7717%2Fpeerj.1295@Fig.A4.pdf,237 kB,2015:08:19 21:26:59+02:00,1
10.7717%2Fpeerj.1295@Fig.A5.pdf,253 kB,2015:08:19 21:26:59+02:00,1
10.7717%2Fpeerj.1313@Figure_S1.pdf,379 kB,2015:08:12 15:06:34-10:00,1
10.7717%2Fpeerj.1313@Figure_S2.pdf,442 kB,2015:08:12 15:06:55-10:00,1
10.7717%2Fpeerj.1318@S6__Figure.pdf,1491 kB,2015:09:16 15:28:51+07:00,1
10.7717%2Fpeerj.1318@S8_Figure.pdf,47 kB,2015:03:05 06:08:29Z,1
10.7717%2Fpeerj.1326@reproduction_&_growth(3-17)_raw_data.pdf,28 kB,2015:03:17 11:12:40+08:00,1
10.7717%2Fpeerj.1340@mparker.peerjppr.figureS3_.pdf,139 kB,2015:10:03 17:18:30-04:00,1
10.7717%2Fpeerj.1346@Suppl_Inf_2_Behavioural_classification.pdf,7.5 kB,2015:08:17 11:03:53Z,1
10.7717%2Fpeerj.1346@Suppl_Inf_3_Recipient_reserve_characteristics.pdf,94 kB,,1
10.7717%2Fpeerj.1346@Suppl_Inf_9_Potential_cheetah_recipient_areas_without_site_fidelity.pdf,22 kB,,1
10.7717%2Fpeerj.1353@Supplemental_figure_S1.pdf,182 kB,2015:08:11 14:58:37+02:00,1
10.7717%2Fpeerj.1353@Supplemental_table_S1.pdf,86 kB,2015:08:11 15:01:58+02:00,1
10.7717%2Fpeerj.1356@Fig._S2.pdf,704 kB,2015:04:10 11:02:18+10:00,1
10.7717%2Fpeerj.1373@Figure_S1.pdf,90 kB,2015:10:01 00:48:59Z,1
"10.7717%2Fpeerj.1376@3,30-di-O-methyl_ellagic_acid_(data_not_previously_shown).pdf",6.5 kB,2013:05:12 16:29:52+08:00,1
10.7717%2Fpeerj.1376@Jasmonic_Acid_or_dihydroxymellein_(data_not_previously_shown).pdf,6.3 kB,2013:06:26 10:27:42+08:00,1
10.7717%2Fpeerj.1390@FigureS1.pdf,229 kB,2015:07:20 14:25:44-07:00,1
10.7717%2Fpeerj.1390@FigureS2.pdf,466 kB,2015:07:20 14:31:15-07:00,1
10.7717%2Fpeerj.1400@SUPP_FIGv2.pdf,240 kB,2015:10:20 22:20:33-07:00,1
10.7717%2Fpeerj.1403@TableS1.pdf,56 kB,2015:07:20 22:07:50Z,1
10.7717%2Fpeerj.1403@TableS2.pdf,43 kB,2015:07:20 22:08:20Z,1
10.7717%2Fpeerj.1403@TableS3.pdf,37 kB,2015:07:20 22:08:48Z,1
10.7717%2Fpeerj.1403@TableS4.pdf,38 kB,2015:07:20 22:09:19Z,1
10.7717%2Fpeerj.1403@TableS5.pdf,23 kB,2015:10:22 18:29:13Z,1
10.7717%2Fpeerj.1409@eggs_by_shrimpsize_resid.pdf,5.1 kB,2015:09:29 12:51:07,1
10.7717%2Fpeerj.1418@FigureS1.pdf,102 kB,2015:08:05 14:22:27Z,1
10.7717%2Fpeerj.145@sm-01.pdf,22 kB,2013:08:05 14:27:17Z,1
10.7717%2Fpeerj.145@sm-02.pdf,42 kB,2013:08:05 14:27:28Z,1
10.7717%2Fpeerj.145@sm-03.pdf,28 kB,2013:08:05 14:27:34Z,1
10.7717%2Fpeerj.171@Supp_S4.pdf,61 kB,2013:08:09 20:43:21Z,1
10.7717%2Fpeerj.179@Fig_S1_new.pdf,599 kB,2013:09:11 17:23:56-08:00,1
10.7717%2Fpeerj.179@Fig_S2.pdf,99 kB,2013:09:11 17:24:46-08:00,1
10.7717%2Fpeerj.182@SuppFigS1.pdf,2.9 MB,2013:04:25 13:10:16-05:00,1
10.7717%2Fpeerj.182@SuppFigS2.pdf,1738 kB,2013:04:25 13:38:05-05:00,1
10.7717%2Fpeerj.182@SuppFigS3.pdf,12 MB,,1
10.7717%2Fpeerj.182@SuppFigS4.pdf,6.4 MB,,1
10.7717%2Fpeerj.182@SuppFigS5.pdf,7.7 MB,,1
10.7717%2Fpeerj.230@Fig_S1.pdf,34 kB,2013:11:13 11:46:56+09:00,1
10.7717%2Fpeerj.230@Fig_S2.pdf,69 kB,2013:11:13 11:47:36+09:00,1
10.7717%2Fpeerj.230@Fig_S3.pdf,76 kB,2013:11:13 11:48:07+09:00,1
10.7717%2Fpeerj.230@Fig_S4.pdf,36 kB,2013:11:13 11:48:36+09:00,1
10.7717%2Fpeerj.230@Table_S1.pdf,20 kB,2013:11:12 10:21:21+09:00,1
10.7717%2Fpeerj.230@Table_S2.pdf,20 kB,2013:11:12 10:21:21+09:00,1
10.7717%2Fpeerj.23@PeerJ_SF_1.pdf,22 kB,2013:01:05 22:36:49Z,1
10.7717%2Fpeerj.264@Supplemental_Table_S10.pdf,842 kB,2013:05:01 16:05:26-05:00,1
10.7717%2Fpeerj.264@Supplemental_Table_S11.pdf,1597 kB,2013:05:09 14:00:42-05:00,1
10.7717%2Fpeerj.264@Supplemental_Table_S12.pdf,265 kB,2013:05:03 13:56:26-05:00,1
10.7717%2Fpeerj.264@Supplemental_Table_S13.pdf,589 kB,2013:05:02 10:43:33-05:00,1
10.7717%2Fpeerj.264@Supplemental_Table_S6.pdf,1014 kB,2013:05:23 12:54:34-05:00,1
10.7717%2Fpeerj.264@Supplemental_Table_S7.pdf,2010 kB,2013:08:27 10:29:07-05:00,1
10.7717%2Fpeerj.264@Supplemental_Table_S8.pdf,764 kB,2013:05:23 12:56:33-05:00,1
10.7717%2Fpeerj.264@Supplemental_Table_S9.pdf,164 kB,2013:08:20 19:56:06Z,1
10.7717%2Fpeerj.283@Supplemental_File_1.pdf,72 kB,2013:10:24 14:51:23+01:00,1
10.7717%2Fpeerj.295@Meijer_SI_Table_1.pdf,68 kB,2014:02:07 10:46:07Z,1
10.7717%2Fpeerj.299@Supplementary_Information_3.pdf,24 kB,2013:12:17 11:44:59Z,1
10.7717%2Fpeerj.327@FigureS1a.pdf,462 kB,2013:04:03 03:43:48Z,1
10.7717%2Fpeerj.327@FIgureS1b.pdf,444 kB,2013:04:03 03:44:21Z,1
10.7717%2Fpeerj.332@Figure_S1.pdf,428 kB,2014:01:24 09:08:29-07:00,1
10.7717%2Fpeerj.344@S2_raw_behaviours.pdf,38 kB,2014:03:16 14:06:31Z,1
10.7717%2Fpeerj.344@S3_comparing_unique_behaviours.pdf,106 kB,2014:03:16 15:30:28Z,1
10.7717%2Fpeerj.347@UWO-VPC-2013.001-Allosaur_tooth_rooted.pdf,5.0 MB,,1
10.7717%2Fpeerj.347@UWO-VPC-2013.002-Allosaur_tooth_shed.pdf,2.4 MB,,1
10.7717%2Fpeerj.347@UWO-VPC-2013.003-Camarasaur_tooth_rooted.pdf,10.0 MB,,1
10.7717%2Fpeerj.347@UWO-VPC-2013.004-Camarasaur_tooth_shed.pdf,4.8 MB,,1
10.7717%2Fpeerj.360@PescottStewart_Supplemental_material_2.pdf,86 kB,2012:03:25 13:55:53,1
10.7717%2Fpeerj.362@Supplement_1.pdf,77 kB,2014:04:02 12:37:51+02:00,1
10.7717%2Fpeerj.374@GTS_permit_for_field_researches.pdf,46 kB,2014:03:20 02:49:41Z,1
10.7717%2Fpeerj.421@Figure_S1.pdf,47 kB,2014:04:24 05:51:17Z,1
10.7717%2Fpeerj.421@Figure_S2.pdf,47 kB,2014:04:24 05:51:54Z,1
10.7717%2Fpeerj.421@Figure_S3.pdf,56 kB,2014:05:18 04:38:27Z,1
10.7717%2Fpeerj.427@peerj-review-1719-Supplemental_Table_S1_corrected.pdf,82 kB,2014:06:13 00:43:42Z,1
10.7717%2Fpeerj.427@peerj-review-1719-Supplemental_Table_S2_corrected.pdf,68 kB,2014:06:13 00:40:41Z,1
10.7717%2Fpeerj.427@peerj-review-1719-Supplemental__Table_S3_corrected.pdf,51 kB,2014:06:13 00:37:25Z,1
10.7717%2Fpeerj.427@peerj-review-1719-Supplemental__Table_S4_corrected.pdf,84 kB,2014:06:13 00:46:56Z,1
10.7717%2Fpeerj.427@peerj-review-1719-Supplemental_Table_S5_corrected.pdf,69 kB,2014:06:13 00:50:54Z,1
10.7717%2Fpeerj.444@JENKINS_consent.pdf,38 kB,2011:07:11 13:11:45Z,1
10.7717%2Fpeerj.448@Suppl_File_S1.pdf,9.5 MB,2014:03:26 15:24:26Z,1
10.7717%2Fpeerj.457@Figure_S1.pdf,2.4 MB,2013:12:11 15:52:27-02:00,1
10.7717%2Fpeerj.458@supplemental_file_1.pdf,5.1 MB,2014:06:02 23:04:52+02:00,1
10.7717%2Fpeerj.458@supplemental_file_2.pdf,6.6 MB,2014:06:02 10:53:22+02:00,1
10.7717%2Fpeerj.458@supplemental_file_3.pdf,7.3 MB,2014:06:02 23:07:13+02:00,1
10.7717%2Fpeerj.458@supplemental_file_4.pdf,8.1 MB,2014:06:02 23:08:01+02:00,1
10.7717%2Fpeerj.479@Supplemental_Figure_1.pdf,270 kB,2014:06:14 00:29:13Z,1
10.7717%2Fpeerj.47@tableS1.pdf,71 kB,2013:02:12 22:33:08Z,1
10.7717%2Fpeerj.47@TableS2.pdf,65 kB,2013:02:12 22:33:49Z,1
10.7717%2Fpeerj.47@TableS3.pdf,41 kB,2013:02:12 22:34:20Z,1
10.7717%2Fpeerj.47@tableS5.pdf,67 kB,2013:02:12 22:36:33Z,1
10.7717%2Fpeerj.480@S4_Questionnaire_to_parents_at_16_years.pdf,314 kB,2014:03:25 09:54:36+02:00,1
10.7717%2Fpeerj.480@S6_plans_at_16_years_of_age.pdf,302 kB,2014:03:24 16:29:30+02:00,1
10.7717%2Fpeerj.494@FigS1.pdf,117 kB,2014:04:22 13:51:32+13:00,1
10.7717%2Fpeerj.504@Supplemental_Table_S2.pdf,56 kB,2014:05:23 04:03:40Z,1
10.7717%2Fpeerj.520@Supplemental_Figure_3.pdf,62 kB,2014:06:18 07:20:40-07:00,1
10.7717%2Fpeerj.564@Supplement_2_CYB_Tree.pdf,985 kB,2014:08:11 12:45:16-04:00,1
10.7717%2Fpeerj.574@ESM1.pdf,150 kB,2012:03:07 23:11:07-08:00,1
10.7717%2Fpeerj.581@Warnock_Exemption_5-1-09.pdf,48 kB,2009:05:01 16:56:50-07:00,1
10.7717%2Fpeerj.582@SupplTable1.pdf,84 kB,2014:04:27 00:25:04Z,1
10.7717%2Fpeerj.582@SupplTable3.pdf,551 kB,2014:04:27 00:26:25Z,1
10.7717%2Fpeerj.590@SynergyFlowData.pdf,149 kB,2014:07:04 12:15:19,1
10.7717%2Fpeerj.593@Supplementary_Table1.pdf,40 kB,2014:08:28 15:25:32+02:00,1
10.7717%2Fpeerj.593@Supplementary_Table2.pdf,38 kB,2014:08:28 15:23:20+02:00,1
10.7717%2Fpeerj.593@Supplementary_Table3.pdf,39 kB,2014:08:28 15:22:51+02:00,1
10.7717%2Fpeerj.59@Table S2.pdf,5.4 kB,2013:01:22 13:46:00+01:00,1
10.7717%2Fpeerj.610@Supplemental_Table_S1.pdf,110 kB,2014:03:05 17:01:31-05:00,1
10.7717%2Fpeerj.610@Supplemental_Table_S2.pdf,102 kB,2014:03:05 17:03:23-05:00,1
10.7717%2Fpeerj.610@Supplemental_Table_S3.pdf,81 kB,2014:03:05 17:04:15-05:00,1
10.7717%2Fpeerj.613@ALL-Hypoxie-%-pdf.pdf,95 kB,2014:07:12 12:45:53+07:00,1
10.7717%2Fpeerj.613@ALL-SurgProcedures-Groups-pdf.pdf,95 kB,2014:07:12 12:50:41+07:00,1
10.7717%2Fpeerj.613@ALL-SurgProcedures-Particular-pdf.pdf,213 kB,2014:07:12 12:43:57+07:00,1
10.7717%2Fpeerj.626@Table_2.pdf,7.2 kB,2014:09:06 12:17:24+01:00,1
10.7717%2Fpeerj.635@Supplementary_data.pdf,61 kB,2014:09:11 01:24:47,1
10.7717%2Fpeerj.649@Figure_5.pdf,8.9 kB,2014:08:29 13:07:34Z,1
10.7717%2Fpeerj.651@variable_description.pdf,143 kB,2014:07:18 00:23:16-07:00,1
10.7717%2Fpeerj.658@Table_S2.pdf,201 kB,2014:06:19 18:09:01+01:00,1
10.7717%2Fpeerj.664@Figure_S1.pdf,427 kB,2014:02:10 10:14:38,1
10.7717%2Fpeerj.665@supplemental_s3_tether.pdf,164 kB,2014:10:14 13:33:34-05:00,1
10.7717%2Fpeerj.66@Supplementary Figure 3.pdf,257 kB,2012:11:28 15:16:19+09:00,1
10.7717%2Fpeerj.66@Supplementary Figure 4.pdf,260 kB,2012:11:28 15:22:08+09:00,1
10.7717%2Fpeerj.66@Supplementary figure 5.pdf,91 kB,2012:10:19 14:30:18+09:00,1
10.7717%2Fpeerj.679@Table_1.pdf,99 kB,2014:10:03 18:21:27+02:00,1
10.7717%2Fpeerj.682@table1.pdf,49 kB,2014:11:05 11:24:00Z,1
10.7717%2Fpeerj.682@table2.pdf,50 kB,2014:11:05 11:24:41Z,1
10.7717%2Fpeerj.682@table3.pdf,50 kB,2014:11:05 11:24:56Z,1
10.7717%2Fpeerj.682@table4.pdf,50 kB,2014:11:05 11:25:15Z,1
10.7717%2Fpeerj.682@table5.pdf,50 kB,2014:11:05 11:25:35Z,1
10.7717%2Fpeerj.686@FigS1_RootDensity.pdf,79 kB,2014:11:05 14:27:14-06:00,1
10.7717%2Fpeerj.686@FigureS2_Plot2AlnusMantel.pdf,94 kB,2014:07:24 21:29:58Z,1
10.7717%2Fpeerj.686@FigureS3_Plot8AlnusMantel.pdf,95 kB,2014:07:24 21:50:02Z,1
10.7717%2Fpeerj.689@Absorbances_for_melanin.pdf,98 kB,2014:09:29 15:25:12-04:00,1
10.7717%2Fpeerj.689@DNA_yield_crab_parts.pdf,8.0 kB,2014:09:29 15:40:58-04:00,1
10.7717%2Fpeerj.689@Supplementary_Figure_1_plain.pdf,163 kB,2014:11:02 01:03:33-05:00,1
10.7717%2Fpeerj.689@Supplementary_Figure_2.pdf,108 kB,2014:11:02 01:08:23-05:00,1
10.7717%2Fpeerj.689@Supplementary_Figure_3.pdf,107 kB,2014:11:02 01:19:44-05:00,1
10.7717%2Fpeerj.705@Figure_S1.pdf,44 kB,2014:10:27 11:10:30-07:00,1
10.7717%2Fpeerj.705@Table_S1.pdf,82 kB,2014:12:03 04:23:06Z,1
10.7717%2Fpeerj.741@Figure_S3_NJ_tree.pdf,80 kB,2013:12:12 12:24:01-02:00,1
10.7717%2Fpeerj.749@FountainSupplemental_S1.pdf,158 kB,2014:11:18 16:38:02-06:00,1
10.7717%2Fpeerj.761@Supplemental_Figure_1.pdf,238 kB,2014:07:01 14:42:37-04:00,1
10.7717%2Fpeerj.761@Supplemental_Figure_2.pdf,517 kB,2014:07:01 15:46:03-04:00,1
10.7717%2Fpeerj.761@Supplemental_Map.pdf,1884 kB,2013:09:03 13:23:34-04:00,1
10.7717%2Fpeerj.784@suppfig.pdf,30 kB,,1
10.7717%2Fpeerj.786@Supplemental_Table_S10.pdf,21 kB,2015:01:25 13:10:50-05:00,1
10.7717%2Fpeerj.786@Supplemental_Table_S1.pdf,16 kB,2015:01:25 12:57:55-05:00,1
10.7717%2Fpeerj.786@Supplemental_Table_S3.pdf,18 kB,2015:01:25 17:34:40-05:00,1
10.7717%2Fpeerj.786@Supplemental_Table_S4.pdf,14 kB,2015:01:25 12:59:28-05:00,1
10.7717%2Fpeerj.786@Supplemental_Table_S5.pdf,20 kB,2015:01:25 13:25:02-05:00,1
10.7717%2Fpeerj.786@Supplemental_Table_S6.pdf,14 kB,2015:01:25 13:25:48-05:00,1
10.7717%2Fpeerj.786@Supplemental_Table_S7.pdf,16 kB,2015:01:25 13:26:36-05:00,1
10.7717%2Fpeerj.786@Supplemental_Table_S8.pdf,18 kB,2015:01:25 13:08:43-05:00,1
10.7717%2Fpeerj.786@Supplemental_Table_S9.pdf,21 kB,2015:01:25 13:09:25-05:00,1
10.7717%2Fpeerj.788@S1.pdf,392 kB,2014:11:28 10:46:13+01:00,1
10.7717%2Fpeerj.788@S2.pdf,380 kB,2014:11:28 10:46:59+01:00,1
10.7717%2Fpeerj.788@S3.pdf,1370 kB,2014:11:28 10:47:40+01:00,1
10.7717%2Fpeerj.788@S4.pdf,358 kB,2014:11:28 10:48:28+01:00,1
10.7717%2Fpeerj.788@S5_alt.pdf,752 kB,2014:11:28 10:49:35+01:00,1
10.7717%2Fpeerj.788@S6.pdf,360 kB,2014:11:28 10:50:40+01:00,1
10.7717%2Fpeerj.801@PeerJ_Supplemental_Figure-1_Revised.pdf,432 kB,2015:01:27 16:12:30Z,1
10.7717%2Fpeerj.801@PeerJ_Supplemental_Figure_2.pdf,58 kB,2015:01:27 16:14:29Z,1
10.7717%2Fpeerj.805@Table_1S-January19.pdf,106 kB,2015:01:19 17:37:07Z,1
10.7717%2Fpeerj.815@Supplemental_Table_S1.pdf,287 kB,2015:02:04 17:50:26+00:00,1
10.7717%2Fpeerj.815@Supplemental_Table_S2.pdf,298 kB,2015:02:06 11:32:43+00:00,1
10.7717%2Fpeerj.817@Suppl_Figure_1_nuez_lopez_PeerJ.pdf,989 kB,2015:02:04 00:39:21-06:00,1
10.7717%2Fpeerj.817@Suppl_Figure_2_nuez_lopez_PeerJ.pdf,2.9 MB,2015:02:04 00:39:56-06:00,1
10.7717%2Fpeerj.817@Suppl_Figure_3_nuez_lopez_PeerJ.pdf,1479 kB,2015:02:04 00:40:20-06:00,1
10.7717%2Fpeerj.817@Suppl_Figure_4_nuez_lopez_PeerJ.pdf,5.4 MB,2015:02:04 00:40:48-06:00,1
10.7717%2Fpeerj.823@FigureS1.pdf,255 kB,2014:11:19 15:02:26-07:00,1
10.7717%2Fpeerj.823@FigureS2.pdf,377 kB,2014:11:19 15:03:25-07:00,1
10.7717%2Fpeerj.823@FigureS3.pdf,418 kB,2014:11:19 15:04:02-07:00,1
10.7717%2Fpeerj.823@FigureS4.pdf,664 kB,2014:11:19 15:04:25-07:00,1
10.7717%2Fpeerj.832@Figure_S1.pdf,396 kB,2015:01:19 16:20:53+02:00,1
10.7717%2Fpeerj.832@Figure_S2.pdf,13 kB,2015:01:25 17:38:14,1
10.7717%2Fpeerj.832@Figure_S3.pdf,21 kB,2015:02:12 11:00:02,1
10.7717%2Fpeerj.845@Supplement_S1.pdf,181 kB,2015:02:26 12:46:36-08:00,1
10.7717%2Fpeerj.857@peerj-review-1411-peerj-review-1411-Tab3.pdf,41 kB,2015:01:27 18:40:53Z,1
10.7717%2Fpeerj.863@SMALE_et_al_PeerJ_2015_Table_S1.pdf,23 kB,2015:02:26 18:18:59+00:00,1
10.7717%2Fpeerj.863@SMALE_et_al_PeerJ_2015_Table_S3.pdf,46 kB,2015:02:26 18:20:19+00:00,1
10.7717%2Fpeerj.863@SMALE_et_al_PeerJ_2015_Table_S4.pdf,121 kB,2015:02:26 18:20:44+00:00,1
10.7717%2Fpeerj.872@Appendix1.pdf,36 kB,2015:03:02 09:26:07+01:00,1
10.7717%2Fpeerj.872@Appendix2.pdf,15 kB,2015:03:02 09:34:53+01:00,1
10.7717%2Fpeerj.872@Appendix3.pdf,93 kB,2015:03:17 22:51:40+01:00,1
10.7717%2Fpeerj.872@Appendix4.pdf,29 kB,2015:03:02 09:46:15+01:00,1
10.7717%2Fpeerj.872@Appendix5.pdf,30 kB,2015:03:02 09:49:42+01:00,1
10.7717%2Fpeerj.895@Fig._S1_-_Read_Depth.pdf,31 kB,2015:02:26 21:35:50Z,1
10.7717%2Fpeerj.895@Fig._S2_-_Variance_across_species.pdf,153 kB,2014:11:19 10:07:58-06:00,1
10.7717%2Fpeerj.895@Fig._S3_-_Theta_Estimates_Extant_Pops.pdf,130 kB,2014:08:30 17:08:50-05:00,1
10.7717%2Fpeerj.895@Fig._S4_-_Tau_Estimates.pdf,123 kB,2014:08:30 17:12:01-05:00,1
10.7717%2Fpeerj.897@FigS1_OMP-09B11-32.pdf,19 MB,2014:11:21 11:18:21+09:00,1
10.7717%2Fpeerj.897@FigS2_OMP-09B11-143.pdf,27 MB,2014:11:21 11:47:16+09:00,1
10.7717%2Fpeerj.897@FigS3_OMP-09B11-195.pdf,24 MB,2014:11:21 11:47:48+09:00,1
10.7717%2Fpeerj.897@FigS4_OMP-09B11-391.pdf,18 MB,2014:11:21 11:48:29+09:00,1
10.7717%2Fpeerj.897@FigS5_OMP-09B11-518.pdf,17 MB,2014:11:21 11:49:01+09:00,1
10.7717%2Fpeerj.898@SupplementalFigure1.pdf,54 kB,2015:03:27 14:20:28-04:00,1
10.7717%2Fpeerj.89@SupplementalTableS10.pdf,36 kB,2013:03:18 15:24:37Z,1
10.7717%2Fpeerj.89@SupplementalTableS11.pdf,36 kB,2013:03:18 15:25:59Z,1
10.7717%2Fpeerj.89@SupplementalTableS12.pdf,37 kB,2013:03:18 15:27:05Z,1
10.7717%2Fpeerj.89@SupplementalTableS13.pdf,36 kB,2013:03:18 21:28:53Z,1
10.7717%2Fpeerj.89@SupplementalTableS14.pdf,36 kB,2013:03:19 15:25:49Z,1
10.7717%2Fpeerj.89@SupplementalTableS15.pdf,36 kB,2013:03:18 21:56:12Z,1
10.7717%2Fpeerj.89@SupplementalTableS16.pdf,36 kB,2013:03:19 15:44:14Z,1
10.7717%2Fpeerj.89@SupplementalTableS17.pdf,36 kB,2013:03:19 14:41:58Z,1
10.7717%2Fpeerj.89@SupplementalTableS18.pdf,36 kB,2013:03:19 16:23:24Z,1
10.7717%2Fpeerj.89@SupplementalTableS19.pdf,36 kB,2013:03:19 15:05:13Z,1
10.7717%2Fpeerj.89@SupplementalTableS20.pdf,36 kB,2013:03:19 20:32:56Z,1
10.7717%2Fpeerj.89@SupplementalTableS2.pdf,37 kB,2013:03:13 10:50:28Z,1
10.7717%2Fpeerj.89@SupplementalTableS3.pdf,36 kB,2013:03:13 10:50:58Z,1
10.7717%2Fpeerj.89@SupplementalTableS4.pdf,37 kB,2013:03:13 10:51:11Z,1
10.7717%2Fpeerj.89@SupplementalTableS5.pdf,36 kB,2013:03:13 10:51:23Z,1
10.7717%2Fpeerj.89@SupplementalTableS6.pdf,38 kB,2013:03:13 10:51:36Z,1
10.7717%2Fpeerj.89@SupplementalTableS7.pdf,36 kB,2013:03:13 10:51:49Z,1
10.7717%2Fpeerj.89@SupplementalTableS8.pdf,38 kB,2013:03:13 10:52:00Z,1
10.7717%2Fpeerj.89@SupplementalTableS9.pdf,36 kB,2013:03:18 15:23:25Z,1
10.7717%2Fpeerj.901@FigS1nMDSBenthos.pdf,2.1 MB,2015:03:29 13:28:03-04:00,1
10.7717%2Fpeerj.904@Figure_S1.pdf,80 kB,2015:02:24 11:07:32+09:00,1
10.7717%2Fpeerj.908@Katherine_Hinds.pdf,118 kB,2015:03:18 16:35:09+00:00,1
10.7717%2Fpeerj.915@Figure_S1_[Compatibility_Mode].pdf,120 kB,2015:02:02 16:18:04-08:00,1
10.7717%2Fpeerj.937@Peer_J_4163_Hispanic_radiation_Appendix.pdf,114 kB,2015:04:01 22:39:47Z,1
10.7717%2Fpeerj.939@PeerJ_supplementalfigure1.pdf,49 kB,2015:04:14 13:20:43Z,1
10.7717%2Fpeerj.939@PeerJ_Supplementalfigure2.pdf,51 kB,2015:04:14 13:20:23Z,1
10.7717%2Fpeerj.945@supplement.pdf,79 kB,2015:04:15 18:30:06-04:00,1
10.7717%2Fpeerj.956@Supplemental_Table_1.pdf,147 kB,2015:07:22 14:09:12-07:00,1
10.7717%2Fpeerj.968@Figure_S1.pdf,159 kB,2015:04:29 14:36:52+10:00,1
10.7717%2Fpeerj.968@Figure_S2.pdf,184 kB,2015:04:28 08:34:03+10:00,1
10.7717%2Fpeerj.968@Figure_S3.pdf,355 kB,2015:04:26 16:25:36+10:00,1
10.7717%2Fpeerj.968@Figure_S4.pdf,460 kB,2015:04:29 11:54:14+10:00,1
10.7717%2Fpeerj.968@Figure_S5.pdf,219 kB,2015:04:28 08:37:20+10:00,1
10.7717%2Fpeerj.968@Figure_S6.pdf,163 kB,2015:04:24 08:52:16+10:00,1
10.7717%2Fpeerj.968@Figure_S7.pdf,3.5 MB,,1
10.7717%2Fpeerj.976@FigS3.pdf,5.8 kB,2015:02:08 14:04:42,1
10.7717%2Fpeerj.976@FigS4.pdf,5.7 kB,2015:02:09 14:14:35,1
10.7717%2Fpeerj.976@FigS5.pdf,5.0 kB,2014:04:14 14:22:08,1
10.7717%2Fpeerj.976@FigS6.pdf,4.7 kB,2014:04:14 14:27:10,1
10.7717%2Fpeerj.976@FigS7.pdf,4.9 kB,2014:04:14 14:32:50,1
10.7717%2Fpeerj.976@FigS8.pdf,4.6 kB,2014:04:14 14:28:48,1
10.7717%2Fpeerj.983@Supplementary_Figure_S1.pdf,222 kB,2015:03:25 20:11:46Z,1
10.7717%2Fpeerj.983@Supplementary_Figure_S2.pdf,182 kB,2015:03:25 20:21:03Z,1
10.7717%2Fpeerj.991@Figure_S1.pdf,50 kB,2015:06:30 10:41:29+02:00,1
10.7717%2Fpeerj.991@Figure_S2.pdf,9.7 MB,2014:11:26 12:09:21Z,1
10.7717%2Fpeerj.998@READ_ME_for_Chimp_data_MS.pdf,174 kB,2015:03:10 17:00:42+00:00,1
